xl,open,high,low,close,volume,date
45602,5600,5850,5525,5825,1476900,2024-11-06
45603,5850,6025,5750,5975,1576800,2024-11-07
45604,5925,6075,5900,5975,987400,2024-11-08
45607,5975,6025,5925,5950,1279800,2024-11-11
45608,6000,6075,5825,5900,876000,2024-11-12
45609,5900,5900,5725,5775,3283600,2024-11-13
45610,5775,5850,5625,5750,981000,2024-11-14
45611,5725,5750,5700,5725,1328100,2024-11-15
45614,5675,5775,5500,5750,806800,2024-11-18
45615,5750,5825,5750,5775,2151200,2024-11-19
45616,5725,6100,5675,6050,1355800,2024-11-20
45617,6100,6300,5850,5875,1924900,2024-11-21
45618,5850,6000,5525,5550,1558100,2024-11-22
45621,5500,5650,5475,5550,761700,2024-11-25
45622,5525,5600,5525,5525,751200,2024-11-26
45623,5550,5675,5550,5625,1102700,2024-11-27
45624,5650,5675,5375,5400,2996400,2024-11-28
45625,5375,5425,5300,5350,2366400,2024-11-29
45628,5400,5450,5400,5425,1684000,2024-12-02
45629,5425,5700,5425,5650,2582100,2024-12-03
45630,5625,5750,5625,5675,1630600,2024-12-04
45631,5625,5875,5575,5750,1950800,2024-12-05
45632,5775,5875,5725,5825,798700,2024-12-06
45635,5900,5950,5825,5850,1273300,2024-12-09
45636,5850,5875,5600,5600,1338400,2024-12-10
45637,5575,5625,5475,5525,1087800,2024-12-11
45638,5475,5600,5400,5550,2279100,2024-12-12
45639,5550,5625,5550,5600,1337500,2024-12-13
45642,5675,5800,5625,5775,1105600,2024-12-16
45643,5775,5900,5775,5800,537400,2024-12-17
45644,5800,5975,5700,5925,1426200,2024-12-18
45645,5925,6025,5725,5800,1421100,2024-12-19
45646,5800,6275,5675,6250,2402800,2024-12-20
45649,6275,6300,6150,6225,460200,2024-12-23
45650,6225,6375,6175,6375,946900,2024-12-24
45651,6350,6575,6325,6450,1136900,2024-12-25
45652,6450,6675,6400,6650,2884300,2024-12-26
45653,6700,6800,6700,6725,1202000,2024-12-27
45656,6650,6675,6600,6600,2528200,2024-12-30
45657,6650,6675,6400,6475,1391700,2024-12-31
45658,6425,6425,6350,6400,1207500,2025-01-01
45659,6375,6425,6225,6225,1746000,2025-01-02
45660,6150,6275,6100,6225,3074000,2025-01-03
45663,6225,6425,6200,6400,2977000,2025-01-06
45664,6425,6525,6275,6400,1852100,2025-01-07
45665,6325,6400,6250,6375,724400,2025-01-08
45666,6400,6450,6225,6425,1681900,2025-01-09
45667,6375,6450,6325,6425,739300,2025-01-10
45670,6450,7050,6425,7000,1628000,2025-01-13
45671,7050,7125,6950,7000,1821700,2025-01-14
45672,6950,6950,6875,6950,765100,2025-01-15
45673,6975,7175,6950,7050,2751500,2025-01-16
45674,7050,7200,7050,7200,1786600,2025-01-17
45677,7175,7750,7175,7625,2464300,2025-01-20
45678,7600,7725,7475,7700,892000,2025-01-21
45679,7750,8100,7750,7925,898000,2025-01-22
45680,7850,8125,7825,8100,1258600,2025-01-23
45681,8100,8300,7975,8125,941000,2025-01-24
45684,8200,8200,8075,8150,1480200,2025-01-27
45685,8150,8275,8050,8250,1705100,2025-01-28
45686,8350,8500,8275,8300,1065700,2025-01-29
45687,8300,8400,8050,8075,2681000,2025-01-30
45688,8050,8350,8000,8300,2044500,2025-01-31
45691,8250,8350,7975,8075,1627300,2025-02-03
45692,8025,8100,8000,8050,991000,2025-02-04
45693,8075,8350,8025,8125,971000,2025-02-05
45694,8100,8100,7925,8075,1253000,2025-02-06
45695,8050,8225,7775,7825,1112000,2025-02-07
45698,7775,8000,7600,7925,979500,2025-02-10
45699,7900,7925,7800,7825,1660200,2025-02-11
45700,7900,8025,7700,7750,949900,2025-02-12
45701,7700,7900,7650,7800,3018900,2025-02-13
45702,7875,8000,7825,7950,3515900,2025-02-14
45705,7950,8075,7900,8075,1678700,2025-02-17
45706,8050,8100,7975,8075,416800,2025-02-18
45707,8100,8275,8075,8250,1232700,2025-02-19
45708,8175,8375,8025,8350,1374600,2025-02-20
45709,8350,8525,8225,8300,985600,2025-02-21
45712,8300,8400,8250,8325,2450200,2025-02-24
45713,8300,8400,8275,8375,832900,2025-02-25
45714,8400,8450,8175,8350,1220400,2025-02-26
45715,8275,8625,8175,8400,626500,2025-02-27
45716,8450,8475,8150,8375,3757300,2025-02-28
45719,8400,8500,8300,8350,1962800,2025-03-03
45720,8375,8475,7900,7975,3161700,2025-03-04
45721,8050,8150,7875,7925,1736000,2025-03-05
45722,7875,8000,7650,7725,2265400,2025-03-06
45723,7725,7900,7575,7750,4027400,2025-03-07
45726,7825,7875,7725,7800,1407400,2025-03-10
45727,7800,7900,7675,7775,1034500,2025-03-11
45728,7725,7875,7725,7825,654100,2025-03-12
45729,7900,7950,7775,7875,1346600,2025-03-13
45730,7875,8175,7650,8075,1024700,2025-03-14
45733,8100,8100,7850,7925,2085000,2025-03-17
45734,8000,8075,7850,7875,315400,2025-03-18
45735,7875,8025,7825,8000,1548500,2025-03-19
45736,8075,8075,7750,7800,1322700,2025-03-20
45737,7800,7825,7525,7525,1959200,2025-03-21
45740,7625,7700,7375,7475,686500,2025-03-24
45741,7475,7525,7400,7425,878100,2025-03-25
45742,7425,7475,7350,7400,2716000,2025-03-26
45743,7475,7500,7450,7475,1330200,2025-03-27
45744,7425,7700,7350,7650,2781300,2025-03-28
45747,7650,7950,7575,7675,633100,2025-03-31
45748,7725,7875,7575,7625,1429900,2025-04-01
45749,7575,7725,7475,7700,1519900,2025-04-02
45750,7725,7750,7550,7575,1600800,2025-04-03
45751,7600,7650,7225,7325,1613700,2025-04-04
45754,7250,7400,7250,7400,2087100,2025-04-07
45755,7400,7425,7350,7400,1623300,2025-04-08
45756,7300,7550,7275,7450,1649900,2025-04-09
45757,7425,7450,7325,7350,1010100,2025-04-10
45758,7325,7400,7200,7225,434600,2025-04-11
45761,7300,7325,7125,7225,1501700,2025-04-14
45762,7275,7325,7100,7175,886200,2025-04-15
45763,7175,7175,7050,7050,637000,2025-04-16
45764,7100,7150,7075,7100,3622900,2025-04-17
45765,7075,7175,6950,7050,1278700,2025-04-18
45768,7100,7350,7050,7325,1776900,2025-04-21
45769,7350,7775,7300,7650,737000,2025-04-22
45770,7650,7650,7425,7600,5100700,2025-04-23
45771,7575,7900,7525,7850,996100,2025-04-24
45772,7875,7875,7725,7850,2439700,2025-04-25
45775,7850,7925,7800,7875,1259900,2025-04-28
45776,7875,7950,7725,7775,958400,2025-04-29
45777,7775,7850,7575,7600,3472600,2025-04-30
45778,7675,8000,7525,7825,2828000,2025-05-01
45779,7800,7875,7650,7750,2198700,2025-05-02
45782,7750,7825,7650,7800,2804600,2025-05-05
45783,7750,7950,7700,7900,1226500,2025-05-06
45784,7850,8000,7700,7900,2010400,2025-05-07
45785,7900,8000,7775,7875,1330800,2025-05-08
45786,7825,8200,7650,8000,2386000,2025-05-09
45789,7900,8250,7850,8200,1788900,2025-05-12
45790,8200,8225,8150,8225,3404700,2025-05-13
45791,8225,8225,8075,8200,2167600,2025-05-14
45792,8250,8275,8150,8150,224600,2025-05-15
45793,8075,8100,7875,7950,1414100,2025-05-16
45796,7975,8050,7875,7950,1969900,2025-05-19
45797,7950,8050,7925,7925,680700,2025-05-20
45798,7975,8075,7900,7925,5556000,2025-05-21
45799,7950,8000,7875,7925,2812000,2025-05-22
45800,7900,8050,7650,7700,2800000,2025-05-23
45803,7625,7875,7600,7775,1217600,2025-05-26
45804,7850,7950,7600,7625,2877300,2025-05-27
45805,7600,7750,7575,7700,1476900,2025-05-28
45806,7600,7850,7550,7625,1755700,2025-05-29
45807,7675,7700,7575,7600,683700,2025-05-30
45810,7625,7725,7375,7450,3393000,2025-06-02
45811,7425,10225,7275,10175,1507500,2025-06-03
45812,10150,10150,9900,10000,2604900,2025-06-04
45813,9950,10675,9925,10650,1798700,2025-06-05
45814,10575,10600,10250,10350,1710600,2025-06-06
45817,10425,10525,10200,10225,800100,2025-06-09
45818,10200,10275,10175,10200,1824700,2025-06-10
45819,10275,10375,10250,10250,1902500,2025-06-11
45820,10175,10275,9925,10125,848200,2025-06-12
45821,10175,10375,10000,10050,731900,2025-06-13
45824,10050,10325,9975,10300,2446600,2025-06-16
45825,10300,10350,10225,10250,673800,2025-06-17
45826,10150,10525,10025,10375,1265500,2025-06-18
45827,10425,10850,10225,10350,800400,2025-06-19
45828,10325,10400,10150,10175,2699200,2025-06-20
45831,10250,10475,9775,9925,2469200,2025-06-23
45832,9950,10025,9825,10000,498400,2025-06-24
45833,9975,10025,9875,10025,901100,2025-06-25
45834,10000,10225,9950,10000,893700,2025-06-26
45835,9975,10100,9750,9750,1921400,2025-06-27
45838,9700,9725,9575,9625,1380800,2025-06-30
45839,9675,9850,9450,9450,6755500,2025-07-01
45840,9425,9600,9275,9575,1161100,2025-07-02
45841,9575,9675,9075,9075,1092600,2025-07-03
45842,9100,9275,9025,9175,776700,2025-07-04
45845,9175,9275,9050,9200,1861200,2025-07-07
45846,9150,9300,8850,8950,1703400,2025-07-08
45847,8975,9025,8775,8825,957500,2025-07-09
45848,8750,8950,8750,8900,3961600,2025-07-10
45849,8975,9025,8925,8975,1656500,2025-07-11
45852,8950,9150,8800,8900,1349500,2025-07-14
45853,8875,8975,8750,8900,1615400,2025-07-15
45854,8850,8900,8850,8875,1850100,2025-07-16
45855,8825,8850,8600,8675,1276300,2025-07-17
45856,8725,8825,8500,8625,1383300,2025-07-18
45859,8575,8800,8500,8800,812400,2025-07-21
45860,8775,9125,8775,9050,938400,2025-07-22
45861,8975,9150,8925,9125,942100,2025-07-23
45862,9100,9125,8975,9075,562200,2025-07-24
45863,9025,9075,8750,8825,1417000,2025-07-25
45866,8725,8825,8625,8725,905800,2025-07-28
45867,8750,8825,8675,8800,2653100,2025-07-29
45868,8775,8925,8200,8400,512000,2025-07-30
45869,8475,8500,6900,6950,791600,2025-07-31
45870,6975,7050,6925,6950,1789400,2025-08-01
45873,6950,7075,6875,7000,1928600,2025-08-04
45874,7000,7025,6975,7000,626200,2025-08-05
45875,6975,7125,6950,7025,2509200,2025-08-06
45876,7075,7375,7050,7300,879900,2025-08-07
45877,7325,7500,7225,7300,2181200,2025-08-08
45880,7250,7275,7175,7200,1444300,2025-08-11
45881,7125,7200,6950,7050,791900,2025-08-12
45882,7025,7050,6850,6975,2640200,2025-08-13
45883,6925,7050,6875,7050,1382900,2025-08-14
45884,7025,7075,6900,6975,1485300,2025-08-15
45887,7000,7075,6700,6700,1206900,2025-08-18
45888,6725,6975,6650,6900,1804100,2025-08-19
45889,6950,7075,6900,7025,1695200,2025-08-20
45890,6975,7000,6750,6900,871800,2025-08-21
45891,6850,6900,6750,6750,1115200,2025-08-22
45894,6750,6875,6700,6700,799500,2025-08-25
45895,6700,6750,6475,6525,1421300,2025-08-26
45896,6550,6550,6375,6475,2249700,2025-08-27
45897,6500,6550,6375,6425,949600,2025-08-28
45898,6375,6550,6275,6500,1126400,2025-08-29
45901,6450,6750,6425,6700,1833200,2025-09-01
45902,6675,6750,6525,6600,2432800,2025-09-02
45903,6625,6675,6525,6525,611000,2025-09-03
45904,6575,6600,6175,6175,800900,2025-09-04
45905,6100,6300,6075,6225,810500,2025-09-05
45908,6175,6350,6125,6275,2275700,2025-09-08
45909,6275,6300,6150,6225,2488600,2025-09-09
45910,6250,6350,6175,6300,2506000,2025-09-10
45911,6300,6400,6200,6350,1201100,2025-09-11
45912,6350,6500,6250,6400,1173800,2025-09-12
45915,6400,6575,6350,6400,745400,2025-09-15
45916,6425,6425,6150,6300,1756700,2025-09-16
45917,6250,6325,6200,6325,2730400,2025-09-17
45918,6250,6475,6250,6400,951500,2025-09-18
45919,6450,6500,6400,6475,1763900,2025-09-19
45922,6500,6525,6500,6525,643200,2025-09-22
45923,6525,6625,6175,6175,2786600,2025-09-23
45924,6175,6400,6100,6100,1483000,2025-09-24
45925,6100,6150,6075,6075,5948500,2025-09-25
45926,6150,6375,5975,5975,1647100,2025-09-26
45929,5925,5925,5925,5925,957600,2025-09-29
45930,5975,6000,5725,5775,1067200,2025-09-30
45931,5775,5825,5725,5750,1444000,2025-10-01
45932,5825,5850,5650,5725,2785700,2025-10-02
45933,5675,5725,5625,5700,1212100,2025-10-03
45936,5700,5750,5650,5750,1018500,2025-10-06
45937,5700,6050,5650,5925,1262300,2025-10-07
45938,5950,6075,5775,5850,911700,2025-10-08
45939,5850,5900,5825,5825,962400,2025-10-09
45940,5850,5850,5750,5750,875300,2025-10-10
45943,5750,5850,5700,5800,2630500,2025-10-13
45944,5850,6100,5775,6075,1382500,2025-10-14
45945,6050,6100,6000,6050,1240600,2025-10-15
45946,6025,6150,5975,6100,1241800,2025-10-16
45947,6050,6075,6000,6025,1901200,2025-10-17
45950,6000,6075,5875,6075,746600,2025-10-20
45951,6075,6100,5975,6025,1042300,2025-10-21
45952,6050,6075,5975,6000,1420100,2025-10-22
45953,6025,6125,6000,6100,1167700,2025-10-23
45954,6100,6325,6100,6200,628600,2025-10-24
45957,6250,6400,6125,6400,374000,2025-10-27
45958,6350,6550,6300,6525,1201700,2025-10-28
45959,6475,6525,6450,6525,1222100,2025-10-29
45960,6575,6600,6400,6550,943900,2025-10-30
45961,6550,6625,6400,6600,1352100,2025-10-31
45964,6550,6725,6475,6650,581500,2025-11-03
45965,6625,6700,6500,6550,1953600,2025-11-04
45966,6550,6900,6475,6875,1020400,2025-11-05
45967,6850,6875,6850,6850,1128400,2025-11-06
45968,6850,7000,6800,6950,2550800,2025-11-07
45971,6975,7025,6675,6875,6258600,2025-11-10
45972,6850,6900,6750,6875,809100,2025-11-11
45973,6900,6950,6650,6800,1672200,2025-11-12
45974,6750,6825,6650,6825,2099100,2025-11-13
45975,6750,6850,6700,6800,1729800,2025-11-14
45978,6825,6925,6725,6900,2638800,2025-11-17
45979,6925,7000,6850,6925,619900,2025-11-18
45980,6950,7025,6950,7025,1065900,2025-11-19
45981,7000,7175,6975,7100,1875400,2025-11-20
45982,7100,7525,7075,7450,3187200,2025-11-21
45985,7525,7675,7300,7325,593900,2025-11-24
45986,7325,7500,7250,7425,784700,2025-11-25
45987,7450,7525,7225,7275,1073700,2025-11-26
45988,7325,7400,7225,7275,613500,2025-11-27
45989,7275,7450,7225,7375,2137300,2025-11-28
45992,7400,7475,7350,7425,1953800,2025-12-01
45993,7475,7575,7400,7550,924600,2025-12-02
45994,7575,7600,6925,6950,1496500,2025-12-03
45995,6975,6975,6900,6925,526200,2025-12-04
45996,6950,6950,6750,6875,2214100,2025-12-05
45999,6850,7025,6825,6850,477400,2025-12-08
46000,6850,7025,6825,6875,429500,2025-12-09
46001,6875,7100,6850,7075,1637400,2025-12-10
46002,7175,7325,6950,7025,3315600,2025-12-11
46003,7075,7175,6950,6975,631300,2025-12-12
46006,6975,7050,6925,7025,1382800,2025-12-15
46007,7000,7025,6775,6825,1768200,2025-12-16
46008,6825,6850,6550,6600,1260400,2025-12-17
46009,6625,6650,6400,6525,1278900,2025-12-18
46010,6525,6575,6500,6550,1712000,2025-12-19
46013,6550,6550,6350,6475,2038200,2025-12-22
46014,6525,6550,6300,6450,1354400,2025-12-23
46015,6500,6625,6200,6250,648100,2025-12-24
46016,6250,6325,6250,6300,1119900,2025-12-25
46017,6350,6450,6275,6350,1772100,2025-12-26
46020,6275,6350,6200,6300,1900100,2025-12-29
46021,6350,6425,6025,6100,1778100,2025-12-30
46022,6075,6075,5975,6050,961200,2025-12-31
46023,6050,6250,6025,6225,1459800,2026-01-01
46024,6200,6275,5800,5800,963800,2026-01-02
46027,5875,5925,5750,5825,2087400,2026-01-05
46028,5825,5850,5625,5825,464100,2026-01-06
46029,5825,6075,5775,6075,614000,2026-01-07
46030,6075,6375,6025,6275,1787700,2026-01-08
46031,6250,6325,6150,6175,2815200,2026-01-09
46034,6175,6300,6150,6250,3436500,2026-01-12
46035,6300,6325,6150,6200,839500,2026-01-13
46036,6200,6275,6175,6250,1833400,2026-01-14
46037,6200,6350,6175,6300,1411700,2026-01-15
46038,6325,6350,6175,6300,1181000,2026-01-16
46041,6225,6425,6200,6350,1466900,2026-01-19
46042,6375,6600,6225,6500,1064400,2026-01-20
46043,6475,6500,6125,6175,1559400,2026-01-21
46044,6175,6200,6025,6050,566000,2026-01-22
46045,6075,6250,6000,6175,2101800,2026-01-23
46048,6150,6225,6125,6175,2020700,2026-01-26
46049,6175,6250,6000,6050,2240200,2026-01-27
46050,6050,6100,5975,6000,1104600,2026-01-28
46051,6025,6125,5775,5900,1468800,2026-01-29
46052,5875,5925,5800,5850,892400,2026-01-30
46055,5825,5900,5750,5750,1090500,2026-02-02
46056,5775,5825,5500,5575,2502300,2026-02-03
46057,5550,5675,5450,5625,1512500,2026-02-04
46058,5600,5800,5550,5650,2627700,2026-02-05
46059,5650,5725,5625,5725,1735200,2026-02-06
46062,5700,5800,5550,5700,799300,2026-02-09
46063,5700,5725,5600,5675,1436700,2026-02-10
46064,5700,5700,5550,5575,1070300,2026-02-11
46065,5575,5675,5550,5650,2725800,2026-02-12
46066,5625,5675,5550,5650,2105100,2026-02-13
46069,5625,5725,5550,5725,1565000,2026-02-16
46070,5725,5825,5650,5775,2343300,2026-02-17
46071,5775,5850,5525,5600,889300,2026-02-18
46072,5550,5725,5550,5725,1622100,2026-02-19
46073,5725,5750,5700,5725,884800,2026-02-20
46076,5675,6100,5625,6075,3871700,2026-02-23
46077,6100,6125,5925,5925,1610000,2026-02-24
46078,5925,6000,5850,5850,3160900,2026-02-25
46079,5875,5975,5850,5900,2309800,2026-02-26
46080,5950,5975,5700,5750,1145100,2026-02-27
46083,5800,5850,5775,5825,1464900,2026-03-02
46084,5825,5975,5775,5875,831300,2026-03-03
46085,5825,5825,5675,5750,1099500,2026-03-04
46086,5725,5775,5650,5725,1908800,2026-03-05
46087,5775,5825,5725,5800,1916000,2026-03-06
46090,5825,5900,5825,5900,3647900,2026-03-09
46091,5925,6025,5800,5975,2026000,2026-03-10
46092,5950,6250,5925,6200,1109300,2026-03-11
46093,6225,6400,6200,6375,989100,2026-03-12
46094,6400,6475,6275,6425,619500,2026-03-13
46097,6375,6450,6150,6175,1709400,2026-03-16
46098,6200,6250,6200,6225,3111200,2026-03-17
46099,6250,6275,6100,6150,1019800,2026-03-18
46100,6100,6100,5825,5975,400000,2026-03-19
46101,5975,6175,5950,6100,891600,2026-03-20
46104,6100,6150,6075,6150,986000,2026-03-23
46105,6100,6125,5900,5975,1058900,2026-03-24
46106,6000,6100,5750,5850,1290300,2026-03-25
46107,5900,6000,5850,5975,2077000,2026-03-26
46108,5975,6050,5875,6000,1166000,2026-03-27
46111,6025,6175,5925,6075,1307400,2026-03-30
46112,6075,6250,6050,6225,1289300,2026-03-31
46113,6200,6225,5925,5950,5008200,2026-04-01
46114,5975,6100,5950,6000,951500,2026-04-02
46115,5975,6000,5875,5900,1318400,2026-04-03
46118,5925,5925,5850,5900,1510600,2026-04-06
46119,5950,6000,5925,5975,1697300,2026-04-07
46120,5950,6100,5900,6100,1962200,2026-04-08
46121,6075,6200,6075,6100,2699200,2026-04-09
46122,6075,6150,5925,6025,463100,2026-04-10
46125,6025,6075,5975,5975,802900,2026-04-13
46126,5975,6025,5875,5925,452000,2026-04-14
46127,5925,5975,5900,5925,1891900,2026-04-15
46128,5925,6025,5925,6025,3132300,2026-04-16
46129,6050,6125,5925,5975,1191900,2026-04-17
46132,6000,6225,5950,6025,1632700,2026-04-20
46133,5975,6100,5950,5975,1011300,2026-04-21
46134,5975,6100,5950,6025,4784000,2026-04-22
46135,6100,6250,6000,6050,886200,2026-04-23
46136,6000,6100,5925,6000,1871100,2026-04-24
46139,5975,6175,5950,6100,1170600,2026-04-27
46140,6075,6175,5975,6125,557000,2026-04-28
46141,6200,6200,6175,6200,1756500,2026-04-29
46142,6150,6225,6025,6125,1808000,2026-04-30
46143,6125,6525,6075,6525,833200,2026-05-01
46146,6525,6550,6475,6525,3282100,2026-05-04
46147,6550,6550,6500,6550,1316000,2026-05-05
46148,6575,6650,6375,6525,2695600,2026-05-06
46149,6575,6675,6450,6450,1362300,2026-05-07
46150,6425,6900,6425,6850,923300,2026-05-08
46153,6850,6950,6825,6875,1079200,2026-05-11
46154,6925,6950,6775,6850,767100,2026-05-12
46155,6800,6850,6625,6650,1189500,2026-05-13
46156,6675,6775,6625,6775,2061500,2026-05-14
46157,6750,6775,6600,6675,437900,2026-05-15
46160,6725,6825,6625,6625,1710400,2026-05-18
46161,6600,6800,6600,6675,736100,2026-05-19
46162,6675,6700,6550,6600,578900,2026-05-20
46163,6575,6650,6500,6550,1868400,2026-05-21
46164,6550,6825,6500,6725,1480600,2026-05-22
46167,6750,6825,6575,6725,743600,2026-05-25
46168,6675,6700,6625,6700,3307700,2026-05-26
46169,6725,6775,6650,6675,612400,2026-05-27
46170,6675,6725,6275,6300,1112300,2026-05-28
46171,6300,6325,6200,6275,1119700,2026-05-29
46174,6275,6575,6250,6425,1131900,2026-06-01
46175,6450,6525,6350,6450,2002800,2026-06-02
46176,6500,6550,6400,6400,1106200,2026-06-03
46177,6400,6450,6350,6350,1505300,2026-06-04
46178,6350,6675,6325,6575,1025200,2026-06-05
46181,6550,6575,6225,6300,1992300,2026-06-08
46182,6300,6425,6275,6375,547300,2026-06-09
46183,6325,6400,6325,6350,1026500,2026-06-10
46184,6325,6675,6150,6600,592300,2026-06-11
46185,6625,6725,6575,6675,1204600,2026-06-12
46188,6725,6775,6625,6725,765000,2026-06-15
46189,6650,6800,6575,6575,1604400,2026-06-16
46190,6600,6725,6400,6500,928300,2026-06-17
46191,6500,6575,6425,6550,918300,2026-06-18
46192,6525,6650,6500,6625,3137900,2026-06-19
46195,6725,6725,6325,6350,1762400,2026-06-22
46196,6350,6475,6275,6325,829500,2026-06-23
46197,6325,6350,6300,6325,1462100,2026-06-24
46198,6375,6425,6250,6400,964500,2026-06-25
46199,6375,6425,6275,6300,3178500,2026-06-26
46202,6250,6300,6250,6275,909400,2026-06-29
46203,6300,6300,6150,6200,2422800,2026-06-30
46204,6200,6250,6050,6100,2004800,2026-07-01
46205,6175,6250,5950,5975,4311700,2026-07-02
46206,5900,6025,5875,6000,626500,2026-07-03
46209,5975,6025,5925,5925,996700,2026-07-06
46210,5975,6025,5950,6000,814600,2026-07-07
46211,5975,6050,5825,5825,1077700,2026-07-08
46212,5850,6000,5750,5875,1333800,2026-07-09
46213,5925,5950,5700,5700,721200,2026-07-10
46216,5725,5750,5450,5450,2865100,2026-07-13
46217,5450,5475,5425,5425,1813100,2026-07-14
46218,5400,5475,5375,5400,491400,2026-07-15
46219,5425,5500,5300,5325,1799700,2026-07-16
46220,5300,5325,5300,5300,4197800,2026-07-17
46223,5325,5425,5225,5250,1426400,2026-07-20
46224,5275,5375,5275,5350,735700,2026-07-21
46225,5425,5575,5050,5125,2396500,2026-07-22
46226,5100,5275,5025,5200,1074900,2026-07-23
46227,5200,5425,5125,5350,1359000,2026-07-24
46230,5350,5425,5275,5400,2273400,2026-07-27
46231,5425,5650,5425,5625,1845700,2026-07-28
46232,5575,5650,5500,5550,1337500,2026-07-29
46233,5525,5700,5475,5550,898000,2026-07-30
46234,5550,5625,5525,5625,1237900,2026-07-31
46237,5675,5725,5500,5600,1806700,2026-08-03
46238,5600,5625,5450,5500,1364100,2026-08-04
46239,5450,5525,5325,5375,3812200,2026-08-05
46240,5350,5375,5150,5225,789700,2026-08-06
46241,5250,5300,5150,5150,2917500,2026-08-07
46244,5175,5200,5075,5125,1441500,2026-08-10
46245,5075,5300,4980,5275,1973500,2026-08-11
46246,5300,5375,5200,5225,1102200,2026-08-12
46247,5200,5425,5150,5375,2595700,2026-08-13
46248,5425,5575,5375,5500,1253200,2026-08-14
46251,5525,5550,5475,5550,1644800,2026-08-17
46252,5550,5575,5450,5475,1087700,2026-08-18
46253,5475,5675,5300,5500,603500,2026-08-19
46254,5500,5525,5350,5375,361600,2026-08-20
46255,5325,5375,5225,5300,737400,2026-08-21
46258,5325,5450,5300,5325,487300,2026-08-24
46259,5350,5425,5200,5225,1250500,2026-08-25
46260,5275,5300,5150,5175,1991100,2026-08-26
46261,5100,5200,5100,5125,1253700,2026-08-27
46262,5125,5150,4990,5000,500400,2026-08-28
46265,5000,5100,4940,4940,714800,2026-08-31
46266,4940,4980,4850,4900,1054400,2026-09-01
46267,4900,4960,4860,4930,2587100,2026-09-02
46268,4900,5025,4690,4780,1034300,2026-09-03
46269,4780,4810,4730,4760,2289800,2026-09-04
46272,4790,4920,4760,4880,1480300,2026-09-07
46273,4900,5000,4810,4870,1017600,2026-09-08
46274,4840,4970,4770,4930,1532600,2026-09-09
46275,4960,4960,4950,4960,1418700,2026-09-10
46276,4940,4950,4910,4950,1795900,2026-09-11
46279,4940,5075,4940,5000,1754200,2026-09-14
46280,5000,5000,4850,4930,2184800,2026-09-15
46281,4950,5000,4870,4930,507600,2026-09-16
46282,4930,4930,4710,4780,2578400,2026-09-17
46283,4770,4820,4680,4690,2029300,2026-09-18
46286,4670,4680,4570,4600,1225700,2026-09-21
46287,4600,4710,4550,4660,1037800,2026-09-22
46288,4650,4710,4620,4660,1711100,2026-09-23
46289,4660,4720,4640,4690,2397000,2026-09-24
46290,4650,4790,4600,4770,2385300,2026-09-25
46293,4750,4860,4740,4820,1502200,2026-09-28
46294,4770,4880,4750,4840,1524900,2026-09-29
46295,4810,4860,4810,4860,1040000,2026-09-30
46296,4850,4870,4840,4860,934600,2026-10-01
46297,4850,4880,4780,4830,302700,2026-10-02
46300,4800,4960,4780,4900,1871400,2026-10-05
46301,4860,5100,4840,5025,3372700,2026-10-06
