KIJA,8300.0,2.15,0.3,13.7,240.1,0.99,68.88,3.11,3,-1.19,97.6,94.5,WATCH,,,,,
HEAL,30225.0,2.46,15.69,4.31,492.36,1.85,65.84,3.7,3,-1.06,98.14,94.4,BUY SETUP,S2,30250.0,28550.0,,4.0
ADHI,30225.0,2.46,15.69,4.31,492.36,1.85,65.84,3.7,3,-1.06,98.14,94.4,BUY SETUP,S2,30250.0,28550.0,,4.0
DOID,2850.0,1.06,-1.04,13.55,259.38,1.78,63.55,3.4,3,-5.63,90.26,93.6,WATCH,,,,,
MBMA,91.0,-1.09,-3.19,15.19,68.54,1.04,62.7,3.07,3,-6.19,87.5,93.4,WATCH,,,,,
TOBA,91.0,-1.09,-3.19,15.19,68.54,1.04,62.7,3.07,3,-6.19,87.5,93.4,WATCH,,,,,
BNGA,488.0,0.0,2.52,9.42,249.84,2.4,65.03,3.0,3,-3.37,94.16,92.8,WATCH,,,,,
TKIM,422.0,0.96,-1.4,23.39,73.45,0.5,62.48,3.7,3,-3.65,89.74,91.2,WATCH,,,,,
BJTM,6875.0,1.85,7.42,7.0,119.85,0.41,64.87,3.27,3,-0.36,63.76,89.8,WATCH,,,,,
INKP,6875.0,1.85,7.42,7.0,119.85,0.41,64.87,3.27,3,-0.36,63.76,89.8,WATCH,,,,,
JPFA,13375.0,1.9,-0.19,20.5,164.45,0.52,72.19,3.41,3,-1.65,95.85,87.2,WATCH,,,,,
PTBA,390.0,1.04,3.17,5.98,80.06,1.51,66.04,3.07,3,-0.51,98.53,87.1,WATCH,,,,,
MAPI,9700.0,0.78,-0.77,14.12,55.67,1.53,67.32,3.44,3,-2.51,87.4,86.2,BUY SETUP,S1,9725.0,9050.0,11075.0,6.0
SCMA,4810.0,-0.82,5.25,5.25,237.43,0.44,60.27,3.61,3,-3.02,66.27,84.0,WATCH,,,,,
MIKA,4810.0,-0.82,5.25,5.25,237.43,0.44,60.27,3.61,3,-3.02,66.27,84.0,WATCH,,,,,
ADMR,308.0,0.0,4.05,18.46,137.22,0.45,71.23,3.41,3,-4.94,88.15,83.5,WATCH,,,,,
WIIM,308.0,0.0,4.05,18.46,137.22,0.45,71.23,3.41,3,-4.94,88.15,83.5,WATCH,,,,,
PANI,655.0,-1.5,-6.43,9.17,76.08,1.76,60.23,3.66,3,-8.39,81.31,83.4,WATCH,,,,,
BBRI,655.0,-1.5,-6.43,9.17,76.08,1.76,60.23,3.66,3,-8.39,81.31,83.4,WATCH,,,,,
ISAT,126.0,0.8,5.0,1.61,148.04,1.0,62.96,2.74,3,-5.26,85.11,82.8,WATCH,,,,,
BRPT,715.0,3.62,5.15,5.15,134.69,0.65,62.85,3.37,3,-0.69,98.92,82.2,WATCH,,,,,
BTPS,715.0,3.62,5.15,5.15,134.69,0.65,62.85,3.37,3,-0.69,98.92,82.2,WATCH,,,,,
RAJA,4490.0,2.75,7.93,-3.02,70.54,1.21,59.63,3.34,3,-2.6,77.78,82.2,WATCH,,,,,
KLBF,206.0,0.0,-3.74,3.0,100.92,0.56,54.76,3.3,3,-8.04,84.35,81.7,WATCH,,,,,
BBYB,12200.0,0.83,24.17,43.11,33.55,0.56,83.76,3.88,3,-1.01,97.24,80.3,WATCH,,,,,
MEDC,940.0,1.62,7.43,7.43,53.09,0.6,66.25,2.87,3,-1.05,90.22,80.0,WATCH,,,,,
NISP,7750.0,-1.27,0.0,0.65,84.96,2.23,52.91,2.89,3,-4.91,61.64,77.4,WATCH,,,,,
BRMS,7750.0,-1.27,0.0,0.65,84.96,2.23,52.91,2.89,3,-4.91,61.64,77.4,WATCH,,,,,
UNVR,1195.0,-0.42,1.7,6.7,132.28,1.26,59.39,2.76,3,-2.05,74.76,77.3,WATCH,,,,,
LPKR,6800.0,4.21,3.42,16.24,16.27,0.83,75.95,3.33,3,-1.09,97.72,75.6,WATCH,,,,,
INDY,6800.0,4.21,3.42,16.24,16.27,0.83,75.95,3.33,3,-1.09,97.72,75.6,WATCH,,,,,
SMRA,3490.0,1.45,5.12,0.0,79.86,0.82,64.81,3.53,3,-1.41,86.01,75.5,WATCH,,,,,
DSSA,3490.0,1.45,5.12,0.0,79.86,0.82,64.81,3.53,3,-1.41,86.01,75.5,WATCH,,,,,
BBCA,12725.0,0.0,-5.21,5.6,291.46,0.45,49.09,3.37,2,-11.01,85.44,74.1,BUY SETUP,S3,12750.0,11675.0,,8.0
SRTG,2960.0,2.07,-0.34,16.08,6.57,0.69,73.37,2.8,3,-1.99,69.18,73.2,WATCH,,,,,
ICBP,179.0,-2.72,-2.72,4.68,20.81,0.9,60.44,3.12,3,-5.29,88.1,73.1,WATCH,,,,,
BBTN,1075.0,3.86,1.9,23.56,56.68,0.38,69.56,3.8,2,-1.38,61.29,72.3,WATCH,,,,,
AMMN,1075.0,3.86,1.9,23.56,56.68,0.38,69.56,3.8,2,-1.38,61.29,72.3,WATCH,,,,,
INDF,2540.0,-0.78,4.53,9.01,87.86,0.63,64.05,3.16,2,-2.31,39.47,70.2,WATCH,,,,,
ANTM,418.0,-0.48,1.46,-0.48,4.23,0.4,52.4,2.97,3,-7.11,85.32,67.7,WATCH,,,,,
BRIS,418.0,-0.48,1.46,-0.48,4.23,0.4,52.4,2.97,3,-7.11,85.32,67.7,WATCH,,,,,
LSIP,418.0,-0.48,1.46,-0.48,4.23,0.4,52.4,2.97,3,-7.11,85.32,67.7,WATCH,,,,,
MAPA,1380.0,3.37,10.4,23.21,168.37,0.94,82.4,3.05,2,-1.08,58.93,67.5,WATCH,,,,,
GGRM,1550.0,0.0,-2.21,6.9,132.03,0.68,60.74,3.1,2,-3.43,47.48,65.0,WATCH,,,,,
ERAA,5325.0,-0.93,1.91,1.91,103.0,0.56,49.49,3.37,2,-6.99,75.08,64.7,WATCH,,,,,
WIKA,3080.0,2.67,3.01,5.12,127.62,0.97,55.12,3.1,2,-1.6,64.56,61.3,BUY SETUP,S1,3090.0,2890.0,3490.0,22.0
CMRY,5200.0,-0.48,5.91,-3.26,131.43,1.41,56.97,3.1,2,-4.59,22.75,61.0,WATCH,,,,,
PTRO,150.0,-0.66,-0.66,7.91,61.79,0.47,56.09,2.61,2,-2.6,15.48,60.9,WATCH,,,,,
ASSA,81.0,0.0,5.19,10.96,20.76,0.47,68.04,3.3,2,-2.41,24.07,59.9,WATCH,,,,,
BJBR,81.0,0.0,5.19,10.96,20.76,0.47,68.04,3.3,2,-2.41,24.07,59.9,WATCH,,,,,
CPIN,2980.0,0.34,1.02,-1.32,97.5,1.1,47.31,2.98,2,-9.15,77.01,59.8,WATCH,,,,,
BMRI,2980.0,0.34,1.02,-1.32,97.5,1.1,47.31,2.98,2,-9.15,77.01,59.8,WATCH,,,,,
SSMS,1695.0,-0.88,-5.31,-5.31,143.91,1.56,45.05,3.21,2,-8.38,77.21,59.4,BUY SETUP,S3,1700.0,1560.0,,66.0
NCKL,210.0,0.0,-3.67,2.94,19.38,0.88,46.16,3.26,2,-7.08,84.0,59.2,BUY SETUP,S3,212.0,194.0,,504.0
CTRA,210.0,0.0,-3.67,2.94,19.38,0.88,46.16,3.26,2,-7.08,84.0,59.2,BUY SETUP,S3,212.0,194.0,,504.0
AVIA,222.0,0.91,0.0,2.78,67.76,0.74,55.19,3.05,2,-4.31,31.43,59.0,WATCH,,,,,
ADRO,2340.0,4.0,5.88,-3.7,123.32,0.93,53.36,3.12,2,-6.77,59.34,53.7,WATCH,,,,,
TINS,370.0,-1.6,1.65,-3.14,28.41,0.88,49.22,3.33,2,-3.14,48.81,53.2,WATCH,,,,,
BMTR,300.0,3.45,-10.18,-9.64,145.09,1.02,38.31,4.14,2,-13.79,70.19,50.9,WATCH,,,,,
TOWR,410.0,0.0,-2.84,-8.89,106.22,1.24,41.74,3.44,2,-12.77,59.46,49.1,WATCH,,,,,
MDIA,575.0,-0.86,0.0,10.58,27.22,1.2,55.89,3.58,1,-3.36,8.43,46.8,NEUTRAL,,,,,
ESSA,9575.0,0.26,3.23,2.13,89.84,0.84,47.29,3.52,1,-5.67,65.14,46.5,NEUTRAL,,,,,
PNLF,9575.0,0.26,3.23,2.13,89.84,0.84,47.29,3.52,1,-5.67,65.14,46.5,NEUTRAL,,,,,
CUAN,9575.0,0.26,3.23,2.13,89.84,0.84,47.29,3.52,1,-5.67,65.14,46.5,NEUTRAL,,,,,
TAPG,3540.0,-0.56,13.83,11.32,38.89,1.18,65.37,3.28,1,-2.48,49.48,45.0,NEUTRAL,,,,,
KPIG,3540.0,-0.56,13.83,11.32,38.89,1.18,65.37,3.28,1,-2.48,49.48,45.0,NEUTRAL,,,,,
ACES,3540.0,-0.56,13.83,11.32,38.89,1.18,65.37,3.28,1,-2.48,49.48,45.0,NEUTRAL,,,,,
AADI,152.0,-1.3,5.56,11.76,23.24,0.58,64.3,3.11,1,-1.94,19.35,44.7,NEUTRAL,,,,,
MNCN,545.0,3.81,1.87,7.92,68.42,1.76,53.44,3.52,1,-2.68,17.4,44.3,NEUTRAL,,,,,
BIRD,134.0,-2.19,-4.96,-1.47,23.22,1.08,44.86,3.08,2,-6.94,75.61,44.3,BUY SETUP,S3,135.0,124.0,,798.0
ELSA,134.0,-2.19,-4.96,-1.47,23.22,1.08,44.86,3.08,2,-6.94,75.61,44.3,BUY SETUP,S3,135.0,124.0,,798.0
INCO,545.0,3.81,1.87,7.92,68.42,1.76,53.44,3.52,1,-2.68,17.4,44.3,NEUTRAL,,,,,
PTPP,2350.0,0.0,-2.89,1.73,51.43,1.78,48.07,3.52,1,-6.75,55.78,42.4,NEUTRAL,,,,,
GOTO,1205.0,0.42,-4.37,0.84,27.97,1.81,49.83,3.15,1,-7.31,24.71,42.3,NEUTRAL,,,,,
ARTO,1205.0,0.42,-4.37,0.84,27.97,1.81,49.83,3.15,1,-7.31,24.71,42.3,NEUTRAL,,,,,
BSDE,1000.0,-2.44,1.52,-3.38,85.19,1.48,46.38,3.65,1,-5.21,52.87,41.9,NEUTRAL,,,,,
MDKA,8950.0,1.99,3.77,-10.5,224.31,1.01,45.75,3.81,1,-14.15,73.82,41.4,NEUTRAL,,,,,
DEWA,900.0,1.12,-3.74,-0.55,8.75,0.88,48.34,3.34,1,-7.69,25.43,39.6,NEUTRAL,,,,,
INTP,585.0,1.74,-7.14,4.46,66.04,0.91,44.84,3.93,1,-10.0,34.0,39.4,NEUTRAL,,,,,
AMRT,585.0,1.74,-7.14,4.46,66.04,0.91,44.84,3.93,1,-10.0,34.0,39.4,NEUTRAL,,,,,
UNTR,216.0,3.85,2.86,-3.57,53.23,1.06,47.55,3.23,1,-7.69,17.65,38.8,NEUTRAL,,,,,
BFIN,970.0,-1.52,0.0,6.59,33.82,1.08,48.24,3.09,1,-4.43,10.13,38.4,NEUTRAL,,,,,
MTEL,274.0,0.0,-0.72,-2.84,62.76,0.77,45.04,3.53,1,-6.8,39.24,36.9,NEUTRAL,,,,,
LPPF,274.0,0.0,-0.72,-2.84,62.76,0.77,45.04,3.53,1,-6.8,39.24,36.9,NEUTRAL,,,,,
ITMG,274.0,0.0,-0.72,-2.84,62.76,0.77,45.04,3.53,1,-6.8,39.24,36.9,NEUTRAL,,,,,
BREN,8975.0,-1.37,-5.77,1.41,120.82,0.76,43.45,3.66,1,-7.95,52.21,36.1,NEUTRAL,,,,,
SIDO,8975.0,-1.37,-5.77,1.41,120.82,0.76,43.45,3.66,1,-7.95,52.21,36.1,NEUTRAL,,,,,
PGAS,8975.0,-1.37,-5.77,1.41,120.82,0.76,43.45,3.66,1,-7.95,52.21,36.1,NEUTRAL,,,,,
BBNI,5025.0,2.55,3.82,3.18,8.01,2.19,57.61,2.82,1,-1.47,15.2,33.8,NEUTRAL,,,,,
AUTO,2590.0,-3.0,-5.82,-2.26,47.08,0.62,38.66,4.32,1,-13.95,22.39,32.5,NEUTRAL,,,,,
PWON,2590.0,-3.0,-5.82,-2.26,47.08,0.62,38.66,4.32,1,-13.95,22.39,32.5,NEUTRAL,,,,,
BUMI,15650.0,-0.48,-2.8,1.79,186.56,1.22,47.15,3.18,0,-4.72,13.27,31.5,AVOID,,,,,
SILO,3130.0,-1.57,-3.99,-4.86,158.87,0.62,32.29,3.19,1,-10.32,60.65,30.4,NEUTRAL,,,,,
SMGR,1400.0,-0.36,-0.71,0.0,65.64,0.76,48.64,3.23,0,-6.35,11.55,29.6,AVOID,,,,,
VKTR,169.0,-1.17,-3.98,-2.31,29.67,1.0,43.34,3.43,1,-11.05,37.88,29.0,NEUTRAL,,,,,
COCO,600.0,-0.83,-4.0,0.0,31.87,2.1,48.39,3.82,0,-6.98,12.28,24.4,AVOID,,,,,
ASII,600.0,-0.83,-4.0,0.0,31.87,2.1,48.39,3.82,0,-6.98,12.28,24.4,AVOID,,,,,
TLKM,5300.0,-0.93,-1.85,0.95,68.0,0.42,46.9,2.99,0,-4.93,7.49,24.0,AVOID,,,,,
SMDR,5300.0,-0.93,-1.85,0.95,68.0,0.42,46.9,2.99,0,-4.93,7.49,24.0,AVOID,,,,,
SSIA,4400.0,0.69,-5.38,-10.02,48.54,0.64,36.79,3.92,1,-12.0,61.1,23.5,NEUTRAL,,,,,
HMSP,220.0,1.85,4.76,-10.57,48.81,1.5,45.78,3.47,0,-11.29,26.4,20.9,AVOID,,,,,
TBIG,6300.0,-1.56,-1.56,-1.18,88.01,0.5,42.79,3.6,0,-6.67,28.36,20.2,AVOID,,,,,
TPIA,1260.0,0.4,-1.95,-6.32,4.81,1.4,44.78,3.2,1,-7.01,11.2,20.1,NEUTRAL,,,,,
ARCI,2380.0,2.59,0.85,-9.85,15.09,0.57,45.53,3.75,0,-10.53,30.67,16.3,AVOID,,,,,
BUKA,386.0,0.52,-1.03,-11.87,6.79,0.93,36.27,3.1,1,-12.67,73.64,14.9,NEUTRAL,,,,,
AKRA,386.0,0.52,-1.03,-11.87,6.79,0.93,36.27,3.1,1,-12.67,73.64,14.9,NEUTRAL,,,,,
MPMX,43.0,-2.27,2.38,0.0,26.73,0.64,44.0,3.98,0,-10.42,31.25,13.7,AVOID,,,,,
MYOR,43.0,-2.27,2.38,0.0,26.73,0.64,44.0,3.98,0,-10.42,31.25,13.7,AVOID,,,,,
DOOH,232.0,-0.85,-3.33,-7.94,38.64,0.6,37.5,3.83,0,-9.38,17.5,10.3,AVOID,,,,,
HRUM,6800.0,0.37,-2.51,-0.37,48.19,1.75,38.35,3.83,0,-9.93,3.42,9.8,AVOID,,,,,
JSMR,6800.0,0.37,-2.51,-0.37,48.19,1.75,38.35,3.83,0,-9.93,3.42,9.8,AVOID,,,,,
DSNG,560.0,0.0,-1.75,-8.94,33.21,0.58,31.61,2.79,0,-9.68,27.27,9.7,AVOID,,,,,
TMAS,186.0,1.09,-6.53,-13.08,144.31,1.22,30.11,3.87,0,-17.7,3.92,9.3,AVOID,,,,,
PGEO,185.0,1.65,-4.64,-11.06,74.0,0.62,30.0,3.8,0,-12.74,4.07,8.1,AVOID,,,,,
ENRG,208.0,2.97,-7.96,-12.61,97.19,0.71,28.59,4.28,0,-13.33,26.9,8.0,AVOID,,,,,
WIFI,154.0,-1.28,-10.47,-8.33,52.88,0.63,28.97,3.63,0,-11.49,0.0,5.7,AVOID,,,,,
EMAS,92.0,-4.17,-4.17,-9.8,57.46,0.91,29.84,4.0,0,-14.02,2.04,5.5,AVOID,,,,,
EXCL,92.0,-4.17,-4.17,-9.8,57.46,0.91,29.84,4.0,0,-14.02,2.04,5.5,AVOID,,,,,
RATU,2870.0,-1.03,-8.31,-8.31,20.72,1.22,26.58,3.59,0,-13.29,1.04,4.3,AVOID,,,,,
AALI,53.0,-1.85,-10.17,-11.67,64.31,1.45,21.03,4.67,0,-17.19,2.78,4.0,AVOID,,,,,
GJTL,28.0,-3.45,-9.68,-17.65,21.65,0.46,30.86,3.82,0,-17.65,0.0,-1.0,AVOID,,,,,
EMTK,28.0,-3.45,-9.68,-17.65,21.65,0.46,30.86,3.82,0,-17.65,0.0,-1.0,AVOID,,,,,
