xl,open,high,low,close,volume,time
46273.5625,432,436,430,434,2528900,2026-09-08 13:30
46273.572917,434,434,434,434,6025200,2026-09-08 13:45
46273.583333,434,436,432,434,3614600,2026-09-08 14:00
46273.59375,434,436,432,436,4954100,2026-09-08 14:15
46273.604167,436,438,436,438,13357700,2026-09-08 14:30
46273.614583,438,440,436,438,15508000,2026-09-08 14:45
46273.625,438,438,438,438,6080100,2026-09-08 15:00
46273.635417,438,438,436,436,2083600,2026-09-08 15:15
46273.645833,436,438,436,438,3906200,2026-09-08 15:30
46273.65625,438,438,436,438,2531300,2026-09-08 15:45
46274.375,436,438,436,438,3840100,2026-09-09 09:00
46274.385417,436,436,436,436,6352200,2026-09-09 09:15
46274.395833,436,444,436,444,5084400,2026-09-09 09:30
46274.40625,444,446,442,444,4978500,2026-09-09 09:45
46274.416667,444,444,442,444,2253600,2026-09-09 10:00
46274.427083,444,444,444,444,3178000,2026-09-09 10:15
46274.4375,444,444,440,442,2531100,2026-09-09 10:30
46274.447917,442,444,442,442,3104700,2026-09-09 10:45
46274.458333,442,442,440,442,5757000,2026-09-09 11:00
46274.46875,442,444,440,444,5257800,2026-09-09 11:15
46274.479167,444,444,442,444,3574900,2026-09-09 11:30
46274.489583,444,446,440,440,2712700,2026-09-09 11:45
46274.5625,440,444,440,442,2521300,2026-09-09 13:30
46274.572917,442,446,440,446,1965900,2026-09-09 13:45
46274.583333,446,450,446,448,2858000,2026-09-09 14:00
46274.59375,448,450,448,448,6264100,2026-09-09 14:15
46274.604167,448,450,448,450,4761100,2026-09-09 14:30
46274.614583,450,454,450,452,5126100,2026-09-09 14:45
46274.625,452,454,452,454,2513300,2026-09-09 15:00
46274.635417,454,454,450,452,6437100,2026-09-09 15:15
46274.645833,452,454,452,452,3057300,2026-09-09 15:30
46274.65625,452,456,452,454,5397800,2026-09-09 15:45
46275.375,454,454,452,454,7184800,2026-09-10 09:00
46275.385417,454,456,454,456,3315700,2026-09-10 09:15
46275.395833,456,458,454,456,5005000,2026-09-10 09:30
46275.40625,456,458,456,456,2879700,2026-09-10 09:45
46275.416667,458,458,452,454,5185500,2026-09-10 10:00
46275.427083,452,454,452,452,1527100,2026-09-10 10:15
46275.4375,452,454,452,454,4714000,2026-09-10 10:30
46275.447917,454,456,454,454,1482300,2026-09-10 10:45
46275.458333,454,456,454,456,5461300,2026-09-10 11:00
46275.46875,456,458,456,458,2029600,2026-09-10 11:15
46275.479167,458,460,452,454,5973200,2026-09-10 11:30
46275.489583,454,456,452,456,1910400,2026-09-10 11:45
46275.5625,456,460,456,458,4449200,2026-09-10 13:30
46275.572917,458,458,458,458,11004700,2026-09-10 13:45
46275.583333,458,458,454,456,3479300,2026-09-10 14:00
46275.59375,456,458,456,456,6147000,2026-09-10 14:15
46275.604167,456,458,456,458,1221700,2026-09-10 14:30
46275.614583,458,462,456,460,2107900,2026-09-10 14:45
46275.625,460,462,460,462,5260500,2026-09-10 15:00
46275.635417,462,462,460,460,1932300,2026-09-10 15:15
46275.645833,460,462,456,458,2992500,2026-09-10 15:30
46275.65625,458,462,458,460,1227400,2026-09-10 15:45
46276.375,460,460,458,458,4585400,2026-09-11 09:00
46276.385417,460,462,460,460,3790200,2026-09-11 09:15
46276.395833,460,462,458,462,6426400,2026-09-11 09:30
46276.40625,462,462,458,458,1757200,2026-09-11 09:45
46276.416667,458,458,458,458,4205600,2026-09-11 10:00
46276.427083,458,460,458,460,2049000,2026-09-11 10:15
46276.4375,460,464,458,462,6159800,2026-09-11 10:30
46276.447917,462,462,462,462,4170500,2026-09-11 10:45
46276.458333,462,462,460,462,5388900,2026-09-11 11:00
46276.46875,460,462,458,462,3675400,2026-09-11 11:15
46276.479167,462,462,458,460,6712400,2026-09-11 11:30
46276.489583,460,462,460,462,2738700,2026-09-11 11:45
46276.5625,462,464,462,464,2476900,2026-09-11 13:30
46276.572917,466,468,466,466,3406700,2026-09-11 13:45
46276.583333,464,468,464,468,7791200,2026-09-11 14:00
46276.59375,468,470,466,470,3102700,2026-09-11 14:15
46276.604167,470,470,468,468,10410700,2026-09-11 14:30
46276.614583,468,470,468,468,2492000,2026-09-11 14:45
46276.625,468,470,468,468,2976400,2026-09-11 15:00
46276.635417,470,470,468,470,6131600,2026-09-11 15:15
46276.645833,470,470,466,468,4025600,2026-09-11 15:30
46276.65625,468,468,466,466,3077400,2026-09-11 15:45
46279.375,466,468,466,468,6386600,2026-09-14 09:00
46279.385417,468,468,466,466,3341200,2026-09-14 09:15
46279.395833,466,468,464,464,2163100,2026-09-14 09:30
46279.40625,466,466,462,466,5769200,2026-09-14 09:45
46279.416667,464,466,464,464,4760600,2026-09-14 10:00
46279.427083,464,468,464,466,1403800,2026-09-14 10:15
46279.4375,466,470,464,468,2909100,2026-09-14 10:30
46279.447917,468,470,466,466,3077600,2026-09-14 10:45
46279.458333,466,470,466,468,5477700,2026-09-14 11:00
46279.46875,468,470,466,468,2333100,2026-09-14 11:15
46279.479167,468,472,468,470,3500100,2026-09-14 11:30
46279.489583,470,470,468,470,2790000,2026-09-14 11:45
46279.5625,470,470,468,470,3177200,2026-09-14 13:30
46279.572917,470,472,470,472,6262300,2026-09-14 13:45
46279.583333,472,472,466,466,4793700,2026-09-14 14:00
46279.59375,466,468,466,468,3811300,2026-09-14 14:15
46279.604167,470,470,466,466,3221700,2026-09-14 14:30
46279.614583,468,468,466,468,3063700,2026-09-14 14:45
46279.625,468,468,466,468,3901400,2026-09-14 15:00
46279.635417,468,468,466,468,4532800,2026-09-14 15:15
46279.645833,468,468,466,466,4047100,2026-09-14 15:30
46279.65625,466,468,464,466,2389500,2026-09-14 15:45
46280.375,466,466,466,466,5047600,2026-09-15 09:00
46280.385417,466,466,464,464,5873500,2026-09-15 09:15
46280.395833,464,466,464,466,6052600,2026-09-15 09:30
46280.40625,464,466,464,466,4372900,2026-09-15 09:45
46280.416667,466,466,464,466,6267400,2026-09-15 10:00
46280.427083,466,466,464,466,3082400,2026-09-15 10:15
46280.4375,466,466,464,464,3417000,2026-09-15 10:30
46280.447917,464,468,464,466,5027700,2026-09-15 10:45
46280.458333,466,470,466,468,1893500,2026-09-15 11:00
46280.46875,468,472,468,468,7215400,2026-09-15 11:15
46280.479167,470,470,464,464,5817900,2026-09-15 11:30
46280.489583,466,466,462,464,1761900,2026-09-15 11:45
46280.5625,464,468,460,462,4466700,2026-09-15 13:30
46280.572917,462,462,462,462,8951300,2026-09-15 13:45
46280.583333,462,462,462,462,1497500,2026-09-15 14:00
46280.59375,460,462,460,460,4105500,2026-09-15 14:15
46280.604167,460,462,460,462,1307300,2026-09-15 14:30
46280.614583,462,464,462,464,2805400,2026-09-15 14:45
46280.625,464,464,460,460,1880200,2026-09-15 15:00
46280.635417,462,462,460,462,4251000,2026-09-15 15:15
46280.645833,462,462,462,462,5405100,2026-09-15 15:30
46280.65625,460,464,458,464,3300300,2026-09-15 15:45
46281.375,464,464,462,462,5775300,2026-09-16 09:00
46281.385417,464,464,460,462,5194100,2026-09-16 09:15
46281.395833,462,464,462,462,6417900,2026-09-16 09:30
46281.40625,462,464,462,462,2493600,2026-09-16 09:45
46281.416667,462,464,462,462,2603100,2026-09-16 10:00
46281.427083,462,462,460,462,2635000,2026-09-16 10:15
46281.4375,462,464,460,460,3022800,2026-09-16 10:30
46281.447917,460,460,458,460,2006900,2026-09-16 10:45
46281.458333,460,462,458,460,7489700,2026-09-16 11:00
46281.46875,460,460,456,456,6606100,2026-09-16 11:15
46281.479167,456,456,454,454,5901100,2026-09-16 11:30
46281.489583,454,456,454,454,4157300,2026-09-16 11:45
46281.5625,454,456,454,456,8069700,2026-09-16 13:30
46281.572917,456,456,456,456,2714200,2026-09-16 13:45
46281.583333,456,456,456,456,7604100,2026-09-16 14:00
46281.59375,456,456,454,456,4989700,2026-09-16 14:15
46281.604167,454,456,452,454,5950500,2026-09-16 14:30
46281.614583,454,454,450,450,4689700,2026-09-16 14:45
46281.625,452,452,450,450,8434500,2026-09-16 15:00
46281.635417,450,452,450,450,3675200,2026-09-16 15:15
46281.645833,450,450,448,450,6268700,2026-09-16 15:30
46281.65625,450,452,450,450,1746300,2026-09-16 15:45
46282.375,452,454,450,452,5356300,2026-09-17 09:00
46282.385417,452,454,452,452,2110800,2026-09-17 09:15
46282.395833,452,454,452,454,5118500,2026-09-17 09:30
46282.40625,454,458,452,456,3138300,2026-09-17 09:45
46282.416667,456,458,454,454,7698300,2026-09-17 10:00
46282.427083,456,456,452,452,4247800,2026-09-17 10:15
46282.4375,452,454,452,454,2397300,2026-09-17 10:30
46282.447917,454,456,452,452,2905900,2026-09-17 10:45
46282.458333,452,456,452,456,5106000,2026-09-17 11:00
46282.46875,456,456,454,456,5727200,2026-09-17 11:15
46282.479167,456,456,454,456,4792600,2026-09-17 11:30
46282.489583,454,458,454,456,5345000,2026-09-17 11:45
46282.5625,456,458,454,456,1852000,2026-09-17 13:30
46282.572917,456,458,456,456,9680000,2026-09-17 13:45
46282.583333,456,458,454,456,2005600,2026-09-17 14:00
46282.59375,456,460,454,458,4831500,2026-09-17 14:15
46282.604167,460,460,458,458,3342600,2026-09-17 14:30
46282.614583,458,458,452,456,2504400,2026-09-17 14:45
46282.625,456,456,456,456,1758000,2026-09-17 15:00
46282.635417,456,458,456,458,1684700,2026-09-17 15:15
46282.645833,456,458,454,456,3600500,2026-09-17 15:30
46282.65625,456,456,450,452,5234800,2026-09-17 15:45
46283.375,452,452,450,452,5078100,2026-09-18 09:00
46283.385417,452,454,450,454,10276400,2026-09-18 09:15
46283.395833,454,454,452,454,10807800,2026-09-18 09:30
46283.40625,452,456,452,454,9268300,2026-09-18 09:45
46283.416667,456,456,454,456,2680800,2026-09-18 10:00
46283.427083,454,456,454,454,7555000,2026-09-18 10:15
46283.4375,454,456,454,456,4784100,2026-09-18 10:30
46283.447917,456,458,454,456,3701900,2026-09-18 10:45
46283.458333,456,456,454,456,2738200,2026-09-18 11:00
46283.46875,454,456,454,456,1764100,2026-09-18 11:15
46283.479167,456,456,452,454,1209300,2026-09-18 11:30
46283.489583,452,454,450,452,3359000,2026-09-18 11:45
46283.5625,452,454,450,452,2354500,2026-09-18 13:30
46283.572917,452,456,452,454,3187000,2026-09-18 13:45
46283.583333,454,454,454,454,1822200,2026-09-18 14:00
46283.59375,456,456,452,454,3726600,2026-09-18 14:15
46283.604167,452,454,452,454,1801300,2026-09-18 14:30
46283.614583,454,456,452,454,2533900,2026-09-18 14:45
46283.625,454,456,454,456,3540600,2026-09-18 15:00
46283.635417,456,458,452,452,3358400,2026-09-18 15:15
46283.645833,454,456,454,454,5005100,2026-09-18 15:30
46283.65625,454,462,454,460,4344900,2026-09-18 15:45
46286.375,460,460,458,458,960000,2026-09-21 09:00
46286.385417,458,462,458,460,3268700,2026-09-21 09:15
46286.395833,460,460,456,456,4301000,2026-09-21 09:30
46286.40625,456,456,450,452,3783900,2026-09-21 09:45
46286.416667,452,452,450,452,4779900,2026-09-21 10:00
46286.427083,450,452,448,448,3714900,2026-09-21 10:15
46286.4375,450,450,448,450,6398100,2026-09-21 10:30
46286.447917,450,450,450,450,2906000,2026-09-21 10:45
46286.458333,450,452,446,450,3898400,2026-09-21 11:00
46286.46875,450,450,450,450,2963500,2026-09-21 11:15
46286.479167,450,450,448,448,1460300,2026-09-21 11:30
46286.489583,448,448,444,446,1882500,2026-09-21 11:45
46286.5625,446,446,446,446,2416500,2026-09-21 13:30
46286.572917,446,446,446,446,3019900,2026-09-21 13:45
46286.583333,446,446,446,446,1678200,2026-09-21 14:00
46286.59375,446,448,444,444,2469700,2026-09-21 14:15
46286.604167,446,446,442,442,1633700,2026-09-21 14:30
46286.614583,444,446,440,442,7539900,2026-09-21 14:45
46286.625,442,446,442,446,2071400,2026-09-21 15:00
46286.635417,446,446,444,444,4316600,2026-09-21 15:15
46286.645833,444,444,442,442,2566100,2026-09-21 15:30
46286.65625,442,442,440,440,2103700,2026-09-21 15:45
46287.375,440,440,438,440,2164500,2026-09-22 09:00
46287.385417,440,442,440,440,7990200,2026-09-22 09:15
46287.395833,438,440,438,438,7262500,2026-09-22 09:30
46287.40625,438,444,438,444,4888900,2026-09-22 09:45
46287.416667,444,444,442,442,6321200,2026-09-22 10:00
46287.427083,442,444,436,436,5536600,2026-09-22 10:15
46287.4375,436,438,436,438,2869400,2026-09-22 10:30
46287.447917,438,440,436,438,2661200,2026-09-22 10:45
46287.458333,438,438,436,436,9345000,2026-09-22 11:00
46287.46875,436,438,436,436,4535000,2026-09-22 11:15
46287.479167,436,442,436,442,4556700,2026-09-22 11:30
46287.489583,442,442,440,440,4237600,2026-09-22 11:45
46287.5625,440,442,440,442,2430600,2026-09-22 13:30
46287.572917,442,442,440,440,4319700,2026-09-22 13:45
46287.583333,440,442,436,438,5750300,2026-09-22 14:00
46287.59375,438,440,436,438,2550800,2026-09-22 14:15
46287.604167,440,440,438,440,6580200,2026-09-22 14:30
46287.614583,440,442,438,442,5501200,2026-09-22 14:45
46287.625,442,442,440,442,4978700,2026-09-22 15:00
46287.635417,440,444,440,442,4396400,2026-09-22 15:15
46287.645833,442,444,442,442,5225200,2026-09-22 15:30
46287.65625,442,444,442,442,4154000,2026-09-22 15:45
46288.375,442,446,442,444,8241000,2026-09-23 09:00
46288.385417,444,444,444,444,4276500,2026-09-23 09:15
46288.395833,444,444,442,444,4460900,2026-09-23 09:30
46288.40625,442,444,442,442,4109900,2026-09-23 09:45
46288.416667,442,446,442,444,6729700,2026-09-23 10:00
46288.427083,446,446,444,444,3152800,2026-09-23 10:15
46288.4375,444,446,444,444,1859700,2026-09-23 10:30
46288.447917,446,446,444,444,6618100,2026-09-23 10:45
46288.458333,446,446,444,444,11347800,2026-09-23 11:00
46288.46875,444,444,442,444,1316700,2026-09-23 11:15
46288.479167,444,448,444,448,3118300,2026-09-23 11:30
46288.489583,448,450,446,448,7783900,2026-09-23 11:45
46288.5625,448,450,448,448,3810300,2026-09-23 13:30
46288.572917,448,448,448,448,2763900,2026-09-23 13:45
46288.583333,446,446,442,442,3244600,2026-09-23 14:00
46288.59375,442,444,440,442,15146900,2026-09-23 14:15
46288.604167,442,444,442,444,4951400,2026-09-23 14:30
46288.614583,444,444,444,444,3726700,2026-09-23 14:45
46288.625,444,446,442,446,7471200,2026-09-23 15:00
46288.635417,444,450,444,448,4384200,2026-09-23 15:15
46288.645833,448,452,448,452,1432800,2026-09-23 15:30
46288.65625,452,452,450,452,2565900,2026-09-23 15:45
46289.375,452,454,450,452,2540200,2026-09-24 09:00
46289.385417,452,456,452,452,4252000,2026-09-24 09:15
46289.395833,452,454,452,452,2316300,2026-09-24 09:30
46289.40625,454,458,454,456,1815800,2026-09-24 09:45
46289.416667,458,460,456,456,4593000,2026-09-24 10:00
46289.427083,456,458,456,456,3867600,2026-09-24 10:15
46289.4375,456,462,456,460,3110200,2026-09-24 10:30
46289.447917,462,462,458,460,3335500,2026-09-24 10:45
46289.458333,460,460,454,456,1424500,2026-09-24 11:00
46289.46875,456,456,454,454,1903800,2026-09-24 11:15
46289.479167,454,454,454,454,6278800,2026-09-24 11:30
46289.489583,456,456,454,456,5524900,2026-09-24 11:45
46289.5625,456,456,454,456,3121200,2026-09-24 13:30
46289.572917,456,458,456,458,2599200,2026-09-24 13:45
46289.583333,458,458,454,456,3030500,2026-09-24 14:00
46289.59375,456,456,454,454,2760800,2026-09-24 14:15
46289.604167,454,454,454,454,1989700,2026-09-24 14:30
46289.614583,454,456,454,454,3146300,2026-09-24 14:45
46289.625,454,456,452,452,2812500,2026-09-24 15:00
46289.635417,452,452,450,452,1199100,2026-09-24 15:15
46289.645833,450,454,450,452,3524000,2026-09-24 15:30
46289.65625,452,452,452,452,7398900,2026-09-24 15:45
46290.375,452,454,452,452,2299600,2026-09-25 09:00
46290.385417,454,454,450,450,2994000,2026-09-25 09:15
46290.395833,452,452,448,448,4700000,2026-09-25 09:30
46290.40625,448,448,448,448,5650100,2026-09-25 09:45
46290.416667,448,450,446,448,2136600,2026-09-25 10:00
46290.427083,448,448,448,448,11826400,2026-09-25 10:15
46290.4375,448,448,444,446,3517000,2026-09-25 10:30
46290.447917,446,446,446,446,4386400,2026-09-25 10:45
46290.458333,446,448,446,448,1884100,2026-09-25 11:00
46290.46875,446,448,446,446,6492300,2026-09-25 11:15
46290.479167,446,448,446,448,1352700,2026-09-25 11:30
46290.489583,448,448,440,440,2697500,2026-09-25 11:45
46290.5625,440,442,438,440,2489200,2026-09-25 13:30
46290.572917,440,440,438,438,3544500,2026-09-25 13:45
46290.583333,440,440,436,436,3709400,2026-09-25 14:00
46290.59375,436,436,434,434,2955200,2026-09-25 14:15
46290.604167,434,434,430,432,6027100,2026-09-25 14:30
46290.614583,432,432,430,430,2494700,2026-09-25 14:45
46290.625,430,432,428,430,9373000,2026-09-25 15:00
46290.635417,430,432,428,428,6766900,2026-09-25 15:15
46290.645833,428,428,426,426,5503700,2026-09-25 15:30
46290.65625,426,426,424,424,4839500,2026-09-25 15:45
46293.375,424,426,424,424,10374900,2026-09-28 09:00
46293.385417,424,424,424,424,7581100,2026-09-28 09:15
46293.395833,424,426,420,422,4649300,2026-09-28 09:30
46293.40625,420,426,420,426,3410400,2026-09-28 09:45
46293.416667,426,428,426,428,2211400,2026-09-28 10:00
46293.427083,428,430,428,430,2245400,2026-09-28 10:15
46293.4375,430,430,430,430,6830100,2026-09-28 10:30
46293.447917,432,432,428,428,8900600,2026-09-28 10:45
46293.458333,428,430,428,428,1714300,2026-09-28 11:00
46293.46875,428,428,426,426,11198800,2026-09-28 11:15
46293.479167,426,426,426,426,2992800,2026-09-28 11:30
46293.489583,426,426,424,424,2872000,2026-09-28 11:45
46293.5625,424,426,424,426,5955800,2026-09-28 13:30
46293.572917,426,426,424,424,1504400,2026-09-28 13:45
46293.583333,424,426,424,424,2766100,2026-09-28 14:00
46293.59375,424,424,422,422,3714300,2026-09-28 14:15
46293.604167,422,422,420,422,2602800,2026-09-28 14:30
46293.614583,422,424,422,424,4182100,2026-09-28 14:45
46293.625,424,426,424,426,1401800,2026-09-28 15:00
46293.635417,424,426,418,420,8941800,2026-09-28 15:15
46293.645833,420,420,418,420,5588000,2026-09-28 15:30
46293.65625,420,420,416,418,3146400,2026-09-28 15:45
46294.375,418,418,418,418,6231800,2026-09-29 09:00
46294.385417,418,422,418,420,1747900,2026-09-29 09:15
46294.395833,420,420,418,420,3657800,2026-09-29 09:30
46294.40625,420,420,420,420,3193000,2026-09-29 09:45
46294.416667,420,422,420,422,2886000,2026-09-29 10:00
46294.427083,420,422,420,420,2378800,2026-09-29 10:15
46294.4375,420,422,418,420,2774900,2026-09-29 10:30
46294.447917,420,420,418,420,5280600,2026-09-29 10:45
46294.458333,420,424,420,424,4820800,2026-09-29 11:00
46294.46875,424,424,424,424,10053000,2026-09-29 11:15
46294.479167,424,426,422,424,2699600,2026-09-29 11:30
46294.489583,424,424,416,416,8602700,2026-09-29 11:45
46294.5625,416,416,414,416,9651200,2026-09-29 13:30
46294.572917,416,416,414,414,4779500,2026-09-29 13:45
46294.583333,414,416,412,414,2548600,2026-09-29 14:00
46294.59375,414,418,414,416,3461900,2026-09-29 14:15
46294.604167,416,416,414,416,2340000,2026-09-29 14:30
46294.614583,416,416,416,416,2409100,2026-09-29 14:45
46294.625,416,416,414,414,3626900,2026-09-29 15:00
46294.635417,416,418,414,416,2794700,2026-09-29 15:15
46294.645833,416,416,414,414,2544600,2026-09-29 15:30
46294.65625,414,416,414,414,2500500,2026-09-29 15:45
46295.375,416,416,414,414,3523500,2026-09-30 09:00
46295.385417,414,414,412,412,3352800,2026-09-30 09:15
46295.395833,414,416,412,414,2532300,2026-09-30 09:30
46295.40625,414,416,414,414,5139900,2026-09-30 09:45
46295.416667,414,416,414,416,4963600,2026-09-30 10:00
46295.427083,416,416,414,416,4352400,2026-09-30 10:15
46295.4375,414,416,414,416,1878600,2026-09-30 10:30
46295.447917,416,418,416,416,2844400,2026-09-30 10:45
46295.458333,416,416,416,416,2495800,2026-09-30 11:00
46295.46875,416,416,416,416,4055500,2026-09-30 11:15
46295.479167,416,416,412,412,4186800,2026-09-30 11:30
46295.489583,412,416,412,416,1634200,2026-09-30 11:45
46295.5625,416,418,414,416,2436700,2026-09-30 13:30
46295.572917,416,418,416,418,3496900,2026-09-30 13:45
46295.583333,418,420,416,418,5669600,2026-09-30 14:00
46295.59375,418,420,418,418,5571400,2026-09-30 14:15
46295.604167,418,418,414,414,6758300,2026-09-30 14:30
46295.614583,414,418,414,418,2577600,2026-09-30 14:45
46295.625,416,418,416,416,5472300,2026-09-30 15:00
46295.635417,416,418,416,418,5771200,2026-09-30 15:15
46295.645833,418,420,416,418,5374100,2026-09-30 15:30
46295.65625,418,420,418,420,4746900,2026-09-30 15:45
46296.375,418,420,418,418,6159400,2026-10-01 09:00
46296.385417,418,418,418,418,1419900,2026-10-01 09:15
46296.395833,418,420,418,420,7772800,2026-10-01 09:30
46296.40625,418,420,418,420,2939800,2026-10-01 09:45
46296.416667,422,422,420,420,7120300,2026-10-01 10:00
46296.427083,420,420,418,418,3609000,2026-10-01 10:15
46296.4375,418,418,418,418,6935300,2026-10-01 10:30
46296.447917,418,420,416,420,5962200,2026-10-01 10:45
46296.458333,420,420,416,416,8392000,2026-10-01 11:00
46296.46875,416,416,416,416,4537400,2026-10-01 11:15
46296.479167,416,418,416,418,4885100,2026-10-01 11:30
46296.489583,418,420,416,420,10512900,2026-10-01 11:45
46296.5625,420,422,418,418,5826200,2026-10-01 13:30
46296.572917,418,420,418,420,2983200,2026-10-01 13:45
46296.583333,420,422,418,420,2311300,2026-10-01 14:00
46296.59375,420,422,420,422,3741300,2026-10-01 14:15
46296.604167,422,424,422,424,3429200,2026-10-01 14:30
46296.614583,424,424,422,422,2232800,2026-10-01 14:45
46296.625,422,424,422,424,1843500,2026-10-01 15:00
46296.635417,424,426,424,424,2031000,2026-10-01 15:15
46296.645833,424,424,422,424,5293500,2026-10-01 15:30
46296.65625,424,424,422,424,2174000,2026-10-01 15:45
46297.375,424,424,424,424,5024000,2026-10-02 09:00
46297.385417,424,426,424,424,3623500,2026-10-02 09:15
46297.395833,424,426,424,426,2246300,2026-10-02 09:30
46297.40625,426,428,426,426,3235800,2026-10-02 09:45
46297.416667,428,428,426,426,2324200,2026-10-02 10:00
46297.427083,426,428,424,426,1390100,2026-10-02 10:15
46297.4375,426,428,426,426,2975600,2026-10-02 10:30
46297.447917,426,426,422,424,2300400,2026-10-02 10:45
46297.458333,424,424,422,424,1825200,2026-10-02 11:00
46297.46875,424,424,422,424,4626500,2026-10-02 11:15
46297.479167,424,424,422,422,8059600,2026-10-02 11:30
46297.489583,424,426,424,424,4320700,2026-10-02 11:45
46297.5625,424,426,424,426,2177500,2026-10-02 13:30
46297.572917,424,426,424,424,9706900,2026-10-02 13:45
46297.583333,424,424,424,424,3837800,2026-10-02 14:00
46297.59375,424,424,422,424,7899300,2026-10-02 14:15
46297.604167,422,424,422,424,5352600,2026-10-02 14:30
46297.614583,424,424,420,422,2081600,2026-10-02 14:45
46297.625,422,422,418,420,3113000,2026-10-02 15:00
46297.635417,420,420,418,418,3149800,2026-10-02 15:15
46297.645833,418,420,418,418,3950900,2026-10-02 15:30
46297.65625,416,418,416,416,17012200,2026-10-02 15:45
46300.375,416,418,414,414,3545900,2026-10-05 09:00
46300.385417,416,416,414,416,8801700,2026-10-05 09:15
46300.395833,416,418,416,416,3457900,2026-10-05 09:30
46300.40625,416,418,416,416,4939800,2026-10-05 09:45
46300.416667,416,416,414,414,7511000,2026-10-05 10:00
46300.427083,416,416,412,414,2623700,2026-10-05 10:15
46300.4375,414,414,412,414,1820000,2026-10-05 10:30
46300.447917,414,414,410,410,3481800,2026-10-05 10:45
46300.458333,410,410,408,410,1726500,2026-10-05 11:00
46300.46875,410,412,410,410,6580800,2026-10-05 11:15
46300.479167,412,412,410,410,3303700,2026-10-05 11:30
46300.489583,410,412,410,412,2039200,2026-10-05 11:45
46300.5625,412,412,410,410,7590200,2026-10-05 13:30
46300.572917,410,412,410,412,2289800,2026-10-05 13:45
46300.583333,410,412,410,410,5333600,2026-10-05 14:00
46300.59375,410,412,402,404,3958800,2026-10-05 14:15
46300.604167,404,404,402,404,1602800,2026-10-05 14:30
46300.614583,404,404,404,404,4041600,2026-10-05 14:45
46300.625,404,406,400,402,5182200,2026-10-05 15:00
46300.635417,402,402,402,402,3444400,2026-10-05 15:15
46300.645833,402,402,400,400,1449100,2026-10-05 15:30
46300.65625,400,400,398,398,4455600,2026-10-05 15:45
46301.375,398,400,396,398,3580300,2026-10-06 09:00
46301.385417,398,398,398,398,2076400,2026-10-06 09:15
46301.395833,398,398,396,398,3232400,2026-10-06 09:30
46301.40625,398,398,394,396,4167300,2026-10-06 09:45
46301.416667,396,396,394,394,4488700,2026-10-06 10:00
46301.427083,394,396,394,396,4354300,2026-10-06 10:15
46301.4375,396,396,392,392,2410500,2026-10-06 10:30
46301.447917,392,392,390,390,1140900,2026-10-06 10:45
46301.458333,390,392,390,392,2106200,2026-10-06 11:00
46301.46875,392,392,390,390,4718500,2026-10-06 11:15
46301.479167,390,390,388,388,2446100,2026-10-06 11:30
46301.489583,390,390,386,386,4401500,2026-10-06 11:45
46301.5625,386,386,384,386,3293700,2026-10-06 13:30
46301.572917,386,386,386,386,6379500,2026-10-06 13:45
46301.583333,386,386,386,386,3856100,2026-10-06 14:00
46301.59375,386,386,386,386,3560500,2026-10-06 14:15
46301.604167,386,388,386,388,10809000,2026-10-06 14:30
46301.614583,388,388,384,384,3991800,2026-10-06 14:45
46301.625,386,386,382,382,5398200,2026-10-06 15:00
46301.635417,382,384,382,382,4720400,2026-10-06 15:15
46301.645833,382,384,382,384,5809600,2026-10-06 15:30
46301.65625,384,384,382,384,4812900,2026-10-06 15:45
